Chinese Name,English Name,Description,Location,Date,URL
"備註: 中文名稱若為 ""N/A""，則使用英文名稱作為備用。",,,,,
珠頸斑鳩,Spilopelia chinensis,亞洲大部分地區的常見的庭園鳥類，在開闊的森林、田野及公園中均可見。通常溫和而易於接近。整體褐色，胸部玫瑰紅色，頸背還有獨特的黑底白點斑塊。羽毛隨地區有輕微差異：分布區西部的個體翅膀羽毛的中軸有黑色條紋，是東部個體沒有的(臺灣屬東部個體，沒有顯眼的黑色中軸)。金背鳩體型較大，翅膀羽毛中心黑色，頸背是條紋而非斑點。大聲的咕咕聲，常是：「古-戶～固」。由MERLIN技術支援,"Ma Liu Shui, Hong Kong",11日 6月 2025年,https://ebird.org/species/spodov/HK
夜鷺,Nycticorax nycticorax,敦實的鷺頸部通常缩起來。成鳥整體淡灰色，黑色頂和背部。 紅眼睛。 亞成鳥明顯不同，褐色有斑紋，黃色眼睛。 白天常常蹲在懸垂的樹枝下。 夜間獵食青蛙和其他獵物。 在它與黃頂夜鷺共存的地方，注意翼覆羽上大型淚珠狀白點，這是黃頂夜鷺沒有的特徵。由MERLIN技術支援,"Ma Liu Shui, Hong Kong",11日 6月 2025年,https://ebird.org/species/bcnher/HK
小白鷺,Egretta garzetta,小型雪白的鷺，有細長的黑色嘴，偏黑色的腿和淡黃色腳（或“金色拖鞋”）。繁殖期成鳥有兩條細長的頭部飾羽，在下背部有白色簑狀飾羽（“白鷺飾羽”）。在各種各樣的濕地，湖泊，河流和河口-幾乎任何有小魚的地方都很常見。單獨或以鬆散的小群體活動；共同築巢和棲息。在其體型範圍內是獨特的，但是常與較大的大白鷺和中白鷺，及較壯的黃頭鷺相比。由MERLIN技術支援,"Ma Liu Shui, Hong Kong",11日 6月 2025年,https://ebird.org/species/litegr/HK
白頭翁,Pycnonotus sinensis,不僅在花園與公園，也棲息於森林中的常見鵯科鳥類。在其大部分亞種中，成鳥大多具有棕綠色的翅膀，白色的腹部、喉部、耳部和頭頂。海南亞種則是頭部大部分為黑色，只有耳部為白色。幼鳥整體為暗褐色調，腹部白色，翅膀有一絲綠色。常見的鳴叫聲為四個音符為一組的曲調：wee-wee-der-wee！由MERLIN技術支援,"Ma Liu Shui, Hong Kong",11日 6月 2025年,https://ebird.org/species/livbul1/HK
紅耳鵯,Pycnonotus jocosus,中型鳴禽，背部棕色而腹部白色，冠羽黑色而高聳，胸前有一圈黑色環紋，但於胸口處並未連結。具一小撮紅色耳羽、紅色尾下覆羽及白色尾尖。原產於印度與東南亞；在美國的洛杉磯與邁阿密地區被人為引入。常成對或成小群一同活動。由MERLIN技術支援,"Ma Liu Shui, Hong Kong",11日 6月 2025年,https://ebird.org/species/rewbul/HK
黑領椋鳥,Gracupica nigricollis,不會認錯的大型黑白椋鳥，有黃色的臉和細長的喙。不怕人，常在公園及庭院的草坪和農田覓食。成鳥有白色頭部和腹部，黑色領斑、翅膀和尾羽。幼鳥頭部灰褐色，沒有成鳥的領斑，翅膀上的白色較少。雌雄鳥外型相似。其嘹亮躍動的鳴唱為人熟知，常在電線桿或路燈等暴露的棲枝上鳴唱。由MERLIN技術支援,"Ma Liu Shui, Hong Kong",11日 6月 2025年,https://ebird.org/species/bkcsta1/HK
八哥(冠八哥),Acridotheres cristatellus,擁有閃亮白色翼斑，嘴基上方豎起小巧羽冠的漆黑鳥類。常出現在農地、公園和都市等人造環境；經常在建築物和路標上築巢，並成小群在分隔島和垃圾堆覓食。其大部分原生地內唯一的黑色八哥。偶爾在停棲和覓食時會與椋鳥混群。由MERLIN技術支援,"Ma Liu Shui, Hong Kong",11日 6月 2025年,https://ebird.org/species/cremyn/HK
麻雀,Passer montanus,這個常見的歐亞物種是家麻雀的近親。比家麻雀體型稍微要小一點，整個頭頂為紅色，頰部為黑色及白色，喉部為黑色。雄鳥與雌鳥外觀相似。常成小群活動，常出現在比喜愛現代建築的家麻雀更自然的棲地。嗜食植物種子。被人為引入至美國中部的一個小區域，以及澳洲東南部。由MERLIN技術支援,"Ma Liu Shui, Hong Kong",11日 6月 2025年,https://ebird.org/species/eutspa/HK
四聲杜鵑,Cuculus micropterus,體型纖瘦的灰白色杜鵑。響亮且遠傳的鳴唱聲：四音節的哨音，似“光棍好苦”或“割麥割谷”。成鳥體型及羽色似北方中杜鵑、中杜鵑和大杜鵑，但注意深色虹膜和羽色較深的背及雙翼。幼鳥羽色斑駁，常見其近白的頭頂、領紋及帶白邊的飛羽。偏好林地、林緣及公園等地。巢寄生於多種鳥類，包括各種喜鵲、伯勞、卷尾等。由MERLIN技術支援,Hong Kong,11日 6月 2025年,https://ebird.org/species/indcuc1/HK
海南藍仙鶲,Cyornis hainanus,"A small flycatcher found in the midstory of both wooded and bamboo forests in lowland and hill regions. In much of range, male is dazzling sapphire-blue with a dirty-white belly; lack of other markings or warm coloration distinguishes it from other flycatchers. In western parts of the range (formerly treated as a subspecies of Blue-throated Flycatcher), males have an orange upper breast and “notch” in the otherwise blue lower throat. Female is brown with a pale orange throat and chest. Often joins mixed flocks. Song is a short but pleasant and generally descending high-pitched series, typically incorporating whistled and trilled phrases. Call is sharp “tsik-tsik-tsik”, akin to scissors snipping.由MERLIN技術支援",Hong Kong,11日 6月 2025年,https://ebird.org/species/habfly1/HK
赤紅山椒鳥,Pericrocotus speciosus,"Brilliantly-colored forest bird, typically encountered in flocks. Coloration varies significantly throughout wide distribution, with males ranging from black-and-crimson (most of mainland Asia) to black-and-yellow (southern Philippines) and black-and-orange (Java and Bali). Females are predominantly gray-and-yellow, but southern Philippine and western Indonesian birds are black-and-yellow. In all subspecies, note colored “blotches” on the wings (other minivets have cleaner wing patterns) and female’s yellow forehead. Gives high whistled “wheeep” notes, often when flying over the treetops.由MERLIN技術支援",Hong Kong,11日 6月 2025年,https://ebird.org/species/scamin1/HK
噪鵑,Eudynamys scolopaceus,大型的杜鵑，羽色獨特，通常行為隱密，棲息於許多棲地類型的濃密樹冠內，甚至市中心也可發現。雄成鳥為帶有光澤的黑色，嘴為略帶黃綠的灰白色；雌鳥及未成鳥黑褐，翅膀有白點，頭及喉部有濃密縱斑。成鳥眼睛為寶石紅。雌鳥會產卵於其他大型鳥的巢中，包括烏鴉、伯勞和椋鳥。鳴唱聲「ko-EL!」很大聲且持久，像孔雀的叫聲。由MERLIN技術支援,"嶺南大學及鄰近地帶 Lingnan University (Campus and Vicinity), Hong Kong",11日 6月 2025年,https://ebird.org/species/asikoe2/HK
白眉燕鷗,Onychoprion anaethetus,擁有灰色背部、黑色頭頂及白色前額的熱帶燕鷗。不在北美繁殖，只出現在溫暖水域的海面上。除了因暴風席捲，很少出現在陸地附近。經常棲息在遠離岸邊的浮木或其他漂浮物上。最相似於烏領燕鷗，但背部顏色較淡、尾部白邊較寬，飛羽底面顏色較淺。幼鳥頭部偏白，翅膀及背部有淡色條紋。由MERLIN技術支援,"Cheung Chau waterfront, Hong Kong",11日 6月 2025年,https://ebird.org/species/briter1/HK
蒼燕鷗,Sterna sumatrana,溫暖熱帶海洋的中型長翅長尾燕鷗。成鳥除從眼睛向後延伸至枕部的黑色細紋（通常從遠處看不是很明顯），最外側初級飛羽的黑色外緣，以及細長的黑色嘴喙之外，看起來是雪白的。覓食時經常來回巡飛，輕巧地從水面處啄取獵物。飛行輕快，經常與白眉燕鷗、紅燕鷗及鳳頭燕鷗混群。繁殖群落位在岩石海島及岬角。鳴聲為嘈雜的「grrri」聲。由MERLIN技術支援,"Cheung Chau waterfront, Hong Kong",11日 6月 2025年,https://ebird.org/species/blnter1/HK
紅燕鷗,Sterna dougallii,優雅的蒼白燕鷗，尾叉極長。因腹部隱約的玫瑰色澤而命名。繁殖羽的喙部全黑；夏末時，嘴基逐漸變紅。與(普通)燕鷗相似，但翅膀明顯更白。熟練後，尋找淺而急的振翅，可與其他種燕鷗區分。遍布全球，但於當地，在分散的群落繁殖。在海灘、泥灘或河口與其他燕鷗混合成群。鳴聲為粗糙的「chivick」聲。由MERLIN技術支援,"Cheung Chau waterfront, Hong Kong",11日 6月 2025年,https://ebird.org/species/roster/HK
原鴿,Columba livia,常見於世界各地的城市、農地及穀倉的大型鳩鴿。野生個體通常在懸崖上築巢，而逸出野化的個體則已適應在大樓及橋樑等高大建築上築巢。野化及馴養有十分各種顏色變異；大多數是灰色，但可以是完全黑色、白色或橙棕色。由MERLIN技術支援,"嶺南大學及鄰近地帶 Lingnan University (Campus and Vicinity), Hong Kong",11日 6月 2025年,https://ebird.org/species/rocpig/HK
斯氏繡眼(綠繡眼),Zosterops simplex,羽色呈橄欖黃色的小型鳥類，具顯眼的白色眼圈。在森林、灌木叢、公園、庭院、農地和城市地區活動。於底層植被到森林樹冠層間覓食果實、昆蟲及花蜜。近期分類有較大變動。由MERLIN技術支援,"嶺南大學及鄰近地帶 Lingnan University (Campus and Vicinity), Hong Kong",11日 6月 2025年,https://ebird.org/species/swiwhe1/HK
鵲鴝,Copsychus saularis,中等體型的鴝，從肩部到翼尖有一道寬的白色翼帶，還有白色的外側尾羽。雄鳥羽色黑白，而雌鳥則是灰褐色和白色。幼鳥類似雌鳥，但頭部和背部有鱗片斑。如樂曲般的鳴聲曲目多變，並且會模仿其他鳥類鳴叫。最常聽到的鳴聲是清晨時的口哨聲。最常見站在顯眼的棲枝高處鳴唱。鵲鴝常出現在耕地、林地和庭院中。由MERLIN技術支援,"嶺南大學及鄰近地帶 Lingnan University (Campus and Vicinity), Hong Kong",11日 6月 2025年,https://ebird.org/species/magrob/HK
黑鳶,Milvus migrans,全身暗色、沒啥特色的中型猛禽。尾部略微分叉，但尾羽完全展開時這分叉就看不出來。頭頸部短。幼鳥體色較淡，翼上有淡色區塊，眼周暗色似眼罩。飛行時輕飄飄的，能相當輕鬆地滑翔、改變飛行方向。出沒於都會區、垃圾場、水域環境、草地等，但通常不會進入密林地帶。可能會單獨出現，但遷徙時也會成大群。由MERLIN技術支援,"Central Train Station, Hong Kong",11日 6月 2025年,https://ebird.org/species/blakit1/HK
巨嘴鴉,Corvus macrorhynchos,在其棲地範圍內體型大小有變化的一種烏鴉，但通常大於家烏鴉，有相對長的、匕首狀的嘴，嘴上半在尖端彎曲。全黑，有不同的光澤度。主要是食腐動物，以腐肉，人類的剩菜為食，也從其他鳥類那裡偷食。通常會團伙攻擊並追趕其他鳥類，特別是猛禽。出現在各種棲地環境，包括林地，城市景觀，農業用地和開闊的灌木林。其叫聲比家烏鴉更為喧鬧和粗啞。由MERLIN技術支援,"Central Train Station, Hong Kong",11日 6月 2025年,https://ebird.org/species/labcro1/HK
大白鷺,Ardea alba,大型純白的鷺，有黃色匕首一樣的嘴。黑色長腿。在淺濕地中，以緩慢跟隨獵物的方式獵食。是體型最大也分布最廣的白鷺。由MERLIN技術支援,"Ma Liu Shui to Wong Shek Pier Ferry, Hong Kong",11日 6月 2025年,https://ebird.org/species/greegr/HK
家燕,Hirundo rustica,從極長的尾叉和深色腰部，甚至在遠處就能夠辨識出來。大多時間在飛行，在田野和池塘上空搜尋昆蟲。背部深色（光線良好時呈現海軍藍），腹部白色至淡黃色。常在穀倉、碼頭和其他建築物等人類活動區附近築巢。由MERLIN技術支援,"Ma Liu Shui to Wong Shek Pier Ferry, Hong Kong",11日 6月 2025年,https://ebird.org/species/barswa/HK
鷹鵑,Hierococcyx sparverioides,其響亮的鳴唱聲聽起來像滑潤的“貴、貴、油”，重複多次且越叫越嘹亮然後突然停止。使很多觀鳥人士頭疼的問題在於其常鳴唱於樹林中的樹冠層故很難被發現。在可看得清楚的情況下，留意其似鷹的外表、帶橫紋的長尾巴、棕色的上體及佈滿橫紋的下體。成鳥具明顯的橙色胸部。繁殖季偏好山林地帶；遷徙及越冬時常見於林緣及雜草叢生的灌木地帶。由MERLIN技術支援,"Tai Po Kau Nature Reserve, Hong Kong",11日 6月 2025年,https://ebird.org/species/larhac2/HK
棕腹鷹鵑,Hierococcyx nisicolor,"Large hawk-like cuckoo of dense forests, where it usually forages deep in the canopy. Adult gray above and pale below, with gray and orange blotches and loose streaks on breast. Juvenile similar but streaked with brown below, similar to juvenile Malaysian Hawk-Cuckoo, but the latter has a prominent white patch on the nape and evenly distributed tail bands, lacking in Hodgson’s. Far more often heard than seen; song is very unlike that of other hawk-cuckoos: two sharp notes, usually (not always) followed by a series of clattering trills.由MERLIN技術支援","Tai Po Kau Nature Reserve, Hong Kong",11日 6月 2025年,https://ebird.org/species/hodhac1/HK
小雨燕,Apus nipalensis,中型的黑色雨燕，喉部及腰部白色，可由此跟金絲燕做出區分。一般築巢於建築及洞穴裂隙，常於山谷、城市、森林上方成小群出現。羽色近似叉尾雨燕，但叉尾雨燕喉部顏色較深，外型也很不同，翅膀較長較尖，尾羽也較長、如剪刀般開叉。小雨燕叫聲為高頻的嘰喳顫音。由MERLIN技術支援,"Tai Po Kau Nature Reserve, Hong Kong",11日 6月 2025年,https://ebird.org/species/houswi1/HK
Great Barbet,Psilopogon virens,"This largest of the barbets is colorful, but often appears all-dark from a distance. No other barbet in its range combines the features of a massive pale bill, black head, and dark olive back. Sluggish and shy; tends to stick to dense forest canopy, where it is difficult to see. Its loud hooting song (typically a series of two repetitive notes) is often the only indication of this species’s presence. Also gives a harsh, screaming “karrrrr” that has a gull-like quality.由MERLIN技術支援","Tai Po Kau Nature Reserve, Hong Kong",11日 6月 2025年,https://ebird.org/species/grebar1/HK
灰喉山椒鳥,Pericrocotus solaris,這是山地森林的居民，是這個科的典型成員：常鳴叫，活躍且高度群居，通常形成大群。雄鳥的腹部呈鮮橙色，翅膀上有逗號形的一抹，頭部和背部灰色。灰色的暗度取決於區域，南部的個體比北部的個體暗。雌鳥的圖案類似，但在雄鳥為橙色的地方是黃色，頭和背灰色淡很多。雌鳥可類似於長尾山椒鳥的雌鳥，後者的灰頭上有黃色斑點，而灰喉山椒鳥則無。由MERLIN技術支援,"Tai Po Kau Nature Reserve, Hong Kong",11日 6月 2025年,https://ebird.org/species/gycmin1/HK
Common Tailorbird,Orthotomus sutorius,"A common warblerlike bird with a green back, a reddish crown, and a long bill. It gets its name from the way in which it builds its nest by stitching leaves together. A ubiquitous inhabitant of parks, gardens, and wooded areas across South and Southeast Asia. Its loud “tuui-tuui…” and “whee-whee…” calls are often part of the sound of daily life in human habitation. Co-occurs with the very similar Dark-necked Tailorbird in NE India and SE Asia, but is separable by call, and by the lack of a rufous hind-crown, and yellow vent.由MERLIN技術支援","Tai Po Kau Nature Reserve, Hong Kong",11日 6月 2025年,https://ebird.org/species/comtai1/HK
Mountain Bulbul,Ixos mcclellandii,"True to its name, tends to be found in the upper reaches of forested hills and mountains. Olive-green overall, with lighter orange-buff to grayish underparts (depending on subspecies), and a streaky gray throat. Crested head, similar size, and pale throat can cause it to superficially resemble Chestnut Bulbul in poor lighting, but Mountain Bulbul has a longer-billed and paler-faced appearance. Large flocks are loud and easily detected as they fly overhead, giving sharp, repetitive, echoing calls, which can be likened to “zyi-zya” or “zya-zya”. Song is a prolonged, repetitive series of call notes.由MERLIN技術支援","Tai Po Kau Nature Reserve, Hong Kong",11日 6月 2025年,https://ebird.org/species/moubul2/HK
山紅頭,Cyanoderma ruficeps,中型畫眉科鳥種，羽色泥土褐，體下色調柔和，一條紅褐色條紋從頭頂延伸下來。北部的個體體下更偏黃，而南部的個體則趨於暗淡的赭褐色。成對或成群地在茂密的灌木叢或竹林中移動，通常與其他鳥種一起。傾聽其歌聲，是一連串清晰的如鈴音般的哨音。驚慌時發出鼻腔震顫聲。由MERLIN技術支援,"Tai Po Kau Nature Reserve, Hong Kong",11日 6月 2025年,https://ebird.org/species/rucbab1/HK
Huet's Fulvetta,Alcippe hueti,"Noisy flocking bird of a wide range of hilly and montane forested habitats. Modestly colored, with a brown body (darker above, paler below), white throat, and gray head marked by a sharp black stripe above the brow extending from the bill to the nape. Often a major component of mixed-species feeding flocks. Chatters loudly and constantly when foraging.由MERLIN技術支援","Tai Po Kau Nature Reserve, Hong Kong",11日 6月 2025年,https://ebird.org/species/gycful5/HK
Blue-winged Minla,Actinodura cyanouroptera,"A brightly colored bird of lowland and foothill forests. Usually travels in large groups, and is often a chief component of mixed-species feeding flocks. Adult is a powdery gray-blue overall with blue highlights on the wings and tail. The face and sides are tinged soft gray-brown. Varies considerably over range; birds in southern Southeast Asian portion of range are very gray, lacking bright colors. Sexes alike. Acrobatic, often hanging upside down on branches to probe for invertebrates and fruit hidden by foliage. Listen for its high-pitched paired whistles: “dwweeee-deeee.”由MERLIN技術支援","Tai Po Kau Nature Reserve, Hong Kong",11日 6月 2025年,https://ebird.org/species/blwmin1/HK
Silver-eared Mesia,Leiothrix argentauris,"Beautiful small babbler with a black head, bright silver ear, orange underparts, and a bright red wing patch. Travels in noisy flocks through hill and submontane forest, sometimes in single-species groups and occasionally with other species. Unfortunately a common target of the cage bird trade, and escapees are often seen outside of their native range; in some areas, such as Hong Kong, they have even established self-sustaining populations. Warbled song often given as birds move around in flocks.由MERLIN技術支援","Tai Po Kau Nature Reserve, Hong Kong",11日 6月 2025年,https://ebird.org/species/siemes1/HK
大陸畫眉,Garrulax canorus,這只鏽褐色噪眉科鳥種是棲於丘陵森林和山區，喜歡地面的居民，它的名字來自其淡藍色護目鏡和眉線（Hwa Mei是中文“畫眉毛”的意思）。是位美麗的歌手，是籠鳥交易中的常見物種，在中國和日本，在其自然分佈範圍和棲息地以外的公園和花園中建立了野生種群。也已在臺灣引入，並與臺灣本地的臺灣畫眉雜交。由MERLIN技術支援,"Tai Po Kau Nature Reserve, Hong Kong",11日 6月 2025年,https://ebird.org/species/melthr/HK
白斑紫嘯鶇,Myophonus caeruleus,居住在森林覆蓋的山丘和山區溪澗旁的大型暗色鳥。全身深紫色，頭、肩和胸部有小的銀色斑點。東部族群嘴喙為黑色，而西部族群則是亮黃色。常站在水畔岩石或懸垂枝條等暴露的棲枝上扇動尾羽。正如名字一般，叫聲有如尖嘯；長而有穿透力的聲音，在湍急的水聲中也能遠播。由MERLIN技術支援,"Tai Po Kau Nature Reserve, Hong Kong",11日 6月 2025年,https://ebird.org/species/blwthr1/HK
紅胸啄花,Dicaeum ignipectus,居住在森林覆蓋的山地和山丘及山谷上部的袖珍鳥兒。雄成鳥背部深藍色，腹部是淡奶油白，帶有黑色條紋，以及像是胸口上血跡一般的明亮紅色斑塊。雌鳥顏色較淡，背部是欖褐色，腹部是灰白色；沒有綠啄花和朱背啄花雌鳥的白色喉嚨。在顯眼的高處棲枝發出的鳴唱聲，是一連串接續著顫音的高頻吱吱聲。由MERLIN技術支援,"Tai Po Kau Nature Reserve, Hong Kong",11日 6月 2025年,https://ebird.org/species/fibflo1/HK
叉尾太陽鳥,Aethopyga christinae,在其大部分分布區內唯一的太陽鳥，可在森林、公園和庭院找到。雄鳥外型時髦，有璀璨的藍綠色頭冠和頸背，猩紅色胸部上還有兩道相似顏色的鬚線。僅雄鳥有名符其實的叉尾。雌鳥較樸素，有蒼白腹部和黃綠色的背部。雌雄鳥都有下彎的喙，一個蒼白的腹部和相似顏色的背部。常看到從花覓食，從樹葉中捕捉昆蟲，經常在這樣做時懸停。由MERLIN技術支援,"Tai Po Kau Nature Reserve, Hong Kong",11日 6月 2025年,https://ebird.org/species/fotsun1/HK
黑腹燕鷗,Chlidonias hybrida,小型浮鷗。繁殖成鳥有獨特的深灰色身體和對比鮮明的白頰（飛行中看起來像粗粗的白色「鬍鬚」）。非繁殖羽整體呈淡銀灰色；幼鳥在背部有黑色格子。注意相較於(普通)燕鷗和北極燕鷗更粗壯的喙（雖然比鷗嘴燕鷗薄）以及方形的尾部。在水面捕食，而不像典型的燕鷗一樣射入水中。由MERLIN技術支援,Hong Kong,11日 6月 2025年,https://ebird.org/species/whiter2/HK
黃頭鷺,Ardea coromanda,小而結實的白色鷺，有粗壯的黃嘴。經常在旱地上看到。繁殖季腿是紅色或黃色，非繁殖季是黑色。繁殖期鳥有更紅的嘴和身上有奶油色的斑塊。經常以在田地裡跟隨牛或牽引機來覓食。由MERLIN技術支援,Hong Kong,11日 6月 2025年,https://ebird.org/species/categr2/HK
家八哥,Acridotheres tristis,有白色翼斑、黃色嘴喙和黃色腳的大型黑色八哥。群居性，常形成吵鬧的群體。原產於亞洲南部，是當地最常見的物種之一。被廣泛引進包括澳洲、紐西蘭、夏威夷及臺灣等地。除了最濃密的森林之外，幾乎可以在任何地方找到。由MERLIN技術支援,"Sai Kung Harbour, Hong Kong",11日 6月 2025年,https://ebird.org/species/commyn/HK
黑臉噪眉,Pterorhinus perspicillatus,"A rowdy and sociable inhabitant of gardens, parks, and shrubby thickets, this long-tailed, black-eared bird is unmistakable. Upper body is dark gray overall, with brown primarily on the belly but also with some in the wings. Vent area is a dirty rufous color, often seen as the bird intermittently pumps its tail while foraging. Bold, often foraging out in the open on lawns and field edges, but even when hidden, its harsh chattering will give it away.由MERLIN技術支援",Hong Kong,11日 6月 2025年,https://ebird.org/species/maslau1/HK
白鶺鴒,Motacilla alba,獨特但羽色有變化：所有羽色都是某種黑，白和灰的顯眼組合。在全世界範圍內有相當大的羽色變化，但從來沒有像白眉鶺鴒或日本鶺鴒一樣有一條清晰，細而對比鮮明的眉毛。見於各種開闊棲息地，範圍從野草地區和濕地到鋪好的停車場和草坪。通常見到單身，成對或小群行走和奔跑，上下擺動著白邊的長尾巴。可通過其響亮，粗而獨特的“tsee-tsee”叫聲輕鬆在飛行中鑑別。由MERLIN技術支援,Hong Kong,11日 6月 2025年,https://ebird.org/species/whiwag/HK
褐翅鴉鵑,Centropus sinensis,外表看似介於烏鴉跟雉雞之間的大型鳥類。身體主要為黑色，翅膀為明顯的鏽紅色，背面有光澤，尾巴長、很大一把，眼睛暗紅色。幼鳥羽色黯淡，尾羽及腹面有白色橫紋，翅膀跟背面有數量不等的黑色紋路。普遍出現於多種棲地環境，但不包括非常濃密的森林。似番鵑，但褐翅鴉鵑體型較大，嘴較長，眼紅色。褐翅鴉鵑成鳥翅膀上也沒有番鵑那樣的白色細紋。叫聲為連串低沈響亮的「oop-oop-oop」。由MERLIN技術支援,"Lamma Island, Hong Kong",11日 6月 2025年,https://ebird.org/species/grecou1/HK
白腹秧雞,Amaurornis phoenicurus,在草地、溝渠、河濱、沼澤，以及公園和農地等鄰近人類區域處常見的中型似雞的沼澤性鳥類；常看到在開闊處覓食。成鳥背部深石板灰而腹部白色，尾下有紅褐色塊。幼鳥外型很相似但顏色較暗淡。明顯多變的鳴唱聲是一連串呼呼聲、咕噥聲或刺耳的叫聲，單調地重複，常由顯眼的棲枝上發出。由MERLIN技術支援,"Lamma Island, Hong Kong",11日 6月 2025年,https://ebird.org/species/whbwat1/HK
大卷尾,Dicrurus macrocercus,常見於其大部分棲地範圍，停在電線，柵欄或枯枝上令人熟悉的黑色輪廓。整個黑色，但好的光線下閃爍藍綠金屬光澤，雖然沒有髮冠卷尾或小卷尾的金屬色突出。像許多其他卷尾科鳥類一樣，是一隻好鬥的鳥，常以反复俯衝和刺耳的喋喋不休的叫聲來追逐闖入者。屬於開闊區域，如農田，森林邊緣，草地，濕地和田地的適應性強的物種。由MERLIN技術支援,"Lamma Island, Hong Kong",11日 6月 2025年,https://ebird.org/species/bladro1/HK
紅嘴藍鵲,Urocissa erythroryncha,"Raucous, vividly-colored magpie of lowland and foothill forests, gardens, and parks. Bright blue with black head, white belly, and long tail which trails loosely behind it in flight. Bright scarlet bill and extensive white crown serve to distinguish this species from the otherwise similar Yellow-billed Blue-Magpie. Travels in groups, communicating with constant, raucous, hoarse calls. Aggressive, often driving away other birds.由MERLIN技術支援","Lamma Island, Hong Kong",11日 6月 2025年,https://ebird.org/species/rbbmag/HK
喜鵲,Pica serica,這種華麗長尾的鴉科鳥類常見而引人注目，易辨識，而它嘹亮的“嘎嘎”聲在許多地方都是讓人熟悉的聲音。見於開闊地帶和半開闊地帶，從農田，開闊林地到城鎮和花園，單獨或常常成對或成群出現。其由粗樹枝搭建的巢常在高大的樹木或樹籬中很明顯。顯眼的羽色圖案很特別，有白色腹部，白色背部和飛羽上有白斑。翅膀在良好的光線下呈藍綠色光澤。注意近期的分類變化。由MERLIN技術支援,"Lamma Island, Hong Kong",11日 6月 2025年,https://ebird.org/species/orimag1/HK
白喉紅臀鵯,Pycnonotus aurigaster,"A dark-headed brown bulbul with a bright red vent; common in towns, plantations, and forest edges. Red-vented Bulbul, with which it overlaps in southwestern China, can be similar, but it has a completely black head. Juvenile has orange vent and can be confused with Brown-breasted Bulbul, but the latter has a more strongly peaked head, no white tail trimming, brown auriculars, and a more contrasting white throat. Often seen in pairs and small flocks, foraging at mid-level and on the ground. Song consists of high-pitched warbling calls.由MERLIN技術支援","Lamma Island, Hong Kong",11日 6月 2025年,https://ebird.org/species/sohbul1/HK
高蹺鴴,Himantopus himantopus,在較溫暖地區，相當常見到局部常見。喜歡開闊淺水濕地，通常是鹹水；在靠近水的裸地上繁殖，且常嘈雜地集體築巢。引人注目且基本不會辯錯，優雅的體型，顯眼的雜色羽毛，長長的艷粉色腿，以及長而非常細的嘴。涉水覓食，在水面用其嘴啄食。在飛行中，長長的粉紅色腿遠遠超出尾巴。由MERLIN技術支援,"Hong Kong Wetland Park, Hong Kong",11日 6月 2025年,https://ebird.org/species/bkwsti/HK
小環頸鴴,Thinornis dubius,長相精緻的小型鴴，有著亮黃眼圈。注意暗粉（TW 野鳥圖鑑：黃色）的腿和額頭大片白色（成鳥）。羽色很像較壯的環頸鴴，但白眉線橫貫前額不間斷。在飛行中可見狹窄，不明顯的白色翼帶。在湖泊，礫石坑和河流周圍的石質基質上繁殖；遷移時可見於各種淡水和半鹹濕地的棲息地，但很少出現在開闊的潮汐地帶。清楚的“peu”叫聲與外觀類似的環頸鴴的叫聲截然不同。由MERLIN技術支援,"Hong Kong Wetland Park, Hong Kong",11日 6月 2025年,https://ebird.org/species/lirplo/HK
彩鷸,Rostratula benghalensis,中等大小，艷麗羽色，棲於草地和草本沼澤的濱鳥。兩性都有一亮白色“逗號”在眼周，體下白色，並呈弧形延伸至肩膀上方。與瓣足鷸屬的其他種類一樣，雄鳥比雌鳥羽色黯淡。雌鳥有一亮紅褐色頭部和帶綠色光澤的背部和翅膀；羽色較斑斕的雄鳥有淺褐色頭部，帶橙色和棕褐色斑點的褐色背部，因此更像田鷸屬的鳥類。求偶雌鳥會發出一串類似貓頭鷹的叫聲。由MERLIN技術支援,"Hong Kong Wetland Park, Hong Kong",11日 6月 2025年,https://ebird.org/species/grpsni1/HK
綠簑鷺,Butorides striata,分布很廣的小型鷺，在全球大部分地區都很常見。以體型小和整體灰色與大多數其他大型鷺和小型鷺區分開來。注意對比鮮明的黑色頂，翼覆羽上明顯的蒼白邊緣，脖子前面的白色和紅褐色條紋。亞成鳥比成鳥條紋更往腹部延伸。與北美的小綠鷺類似，但注意差別是脖子以灰色為主，有少量紅褐色。通常是單獨活動，見於靜靜地站在濕地型棲息地周圍，如草本沼澤，農田，河流和湖泊。由MERLIN技術支援,"Hong Kong Wetland Park, Hong Kong",11日 6月 2025年,https://ebird.org/species/strher/HK
池鷺,Ardeola bacchus,常在飛行時因其全白的翅膀被誤認做是白鷺，但其黑色頭部將其與其他白鷺區分開。這種中等體型的鷺遍布許多不同的沼澤棲息地。繁殖期成鳥有栗色的頭部，頸部和胸部，白色的翅膀上有一層藍黑色的羽毛。非繁殖成鳥和亞成鳥除白色的翅膀外，其他部位都是褐色。在有多種池鷺屬物種共存的區域，非繁殖成鳥和亞成鳥無法與其他池鷺明確區分。由MERLIN技術支援,"Hong Kong Wetland Park, Hong Kong",11日 6月 2025年,https://ebird.org/species/chpher1/HK
紫鷺,Ardea purpurea,大型鷺，頭鏽紅色及頸部有條紋；亞成鳥體上整片帶鏽紅的褐色。喜好淡水草本沼澤且有高蘆葦和其他植被的環境。通常較蒼鷺隱蔽，很少在開闊的空間見到。僅容易與較大較壯的蒼鷺混淆，後者羽色整體較淡更灰，且有較粗的嘴。由MERLIN技術支援,"Hong Kong Wetland Park, Hong Kong",11日 6月 2025年,https://ebird.org/species/purher1/HK
斑翡翠,Ceryle rudis,黑白顯眼的翠鳥，有短而濃密的冠羽和光滑的全黑色嘴。咋看類似於冠魚狗，但較小，且有更明確的斑紋和較不直立的冠羽。成群活動，經常看到以對或小群覓食或棲息。在尋找獵物時經常在水上盤旋。棲於各種水邊棲息地，從湖泊，河口到紅樹林。由MERLIN技術支援,"Hong Kong Wetland Park, Hong Kong",11日 6月 2025年,https://ebird.org/species/piekin1/HK
灰頭鷦鶯,Prinia flaviventris,低地田野、濕地和草原的鮮豔鷦鶯。暗色頭部，白色喉嚨，眼和喙之間有淡白色條紋。背部呈褐色，帶有一絲橄欖色，腹部呈淡黃色。通常單獨或成對出現。在植被底層覓食，同時不斷上下擺動尾羽。山鷦鶯體型較大，腹部沒有黃色，且有更長更明顯的白色眉斑。由MERLIN技術支援,"Hong Kong Wetland Park, Hong Kong",11日 6月 2025年,https://ebird.org/species/yebpri1/HK
松雀鷹,Tachyspiza virgata,小型森林性猛禽。成鳥背面灰褐，頭頸部灰色更濃。胸腹部有橘色粗橫紋及斑點。整體羽色近似鳳頭蒼鷹成鳥，但鳳頭蒼鷹壯碩許多，腹面橘色調沒那麼濃，頭跟背部之間的羽色差異較明顯。幼鳥整體羽色較成鳥偏褐，胸腹部為褐色縱斑。由MERLIN技術支援,Hong Kong,11日 6月 2025年,https://ebird.org/species/besra1/HK
岩鷺,Egretta sacra,一種小型的，有白色型和暗色型的鷺，好岩岸。白色型個體通常是白色的，儘管有些可能會有灰色斑塊。暗色型個體完全是深灰色。兩種色型都有黃綠色的嘴和腿。白色型成鳥以其獨特的短腿外觀和明顯更粗的嘴與同區域的其他白鷺區別。由MERLIN技術支援,"Central - Yung Shue Wan ferry, Hong Kong",11日 6月 2025年,https://ebird.org/species/pacreh1/HK
紅冠水雞,Gallinula chloropus,常見於淡水和半鹹水的沼澤地，池塘，湖泊以及緩慢水道的沿邊植被。抽搐般的游動，步態隱秘地行走，尾巴常略微翹起，通常不潛水。注意尾部下方有大片白色橢圓形斑，及脇上白色條紋。成鳥有帶黃色尖端的紅色嘴；未成鳥的嘴和腿顏色較黯。比白冠雞更小，更隱秘，很少在開闊水域見到。由MERLIN技術支援,"Long Valley, Hong Kong",11日 6月 2025年,https://ebird.org/species/commoo3/HK
褐頭鷦鶯,Prinia inornata,一種常見的鷦鶯，樸素的灰褐色羽毛，隨分布區而略有不同色調。注意白而寬的眉斑和長長的尾羽，看起來好像鬆垮垮地黏在身上。繁殖鳥有黑色的喙和較短的尾羽。常見於各種棲地，特別是農地及濕地，但不會去有樹冠層的林地。個性大膽，常躲在在灌木叢裡，但在裸露棲枝上鳴唱。鳴唱聲是重複的一連串昆蟲般的顫音。鳴叫聲包括各種吱喳聲和叮叮聲。也會用翅膀發出拍擊聲。由MERLIN技術支援,"Long Valley, Hong Kong",11日 6月 2025年,https://ebird.org/species/plapri1/HK
斑文鳥,Lonchura punctulata,成鳥背部是溫暖的褐色，臉部深色，白色腹部滿布細小黑色鱗斑。幼鳥全身黃褐色，腹部顏色略淡。常在草生地和灌叢地的開闊區域組成小群活動，主要以種子為食。原產於南亞，但已在世界各地建立野生種群，包括澳洲、日本和美國南部部分地區。由MERLIN技術支援,"Long Valley, Hong Kong",11日 6月 2025年,https://ebird.org/species/nutman/HK
八聲杜鵑,Cacomantis merulinus,小型且修長的杜鵑，聽到的機會高於看到；雄鳥的鳴唱聲是逐漸加快但逐漸小聲，先幾個長哨聲，後面接著幾個短促的氣音。雄成鳥及一般型(非赤色型)的雌鳥腹部橘色，頭灰色，背及尾巴褐色。赤色型背面鏽褐色，腹面白色，全身密布黑色橫紋。棲息於開闊樹林以及農墾地。由MERLIN技術支援,"Chinese University of Hong Kong, Hong Kong",11日 6月 2025年,https://ebird.org/species/placuc1/HK
白頰山雀,Parus cinereus,"Large and pugnacious, this common tit is found in a wide range of wooded habitats, from dense hill forests to manicured city parks throughout much of Asia from India to Indonesia. Adult has a flashy white cheek on a black head, a black stripe on a white belly, and gray wings; East Asian birds have a hint of green near the shoulder. Juveniles are duller, replacing the adult’s black with gray. Very vocal; song is a bright “tzi-hei tzi-hei!” or “tzee-tzee-tzee-tzee”; also gives loud chips, seeps, and harsh scolding “tzi-tzi-tzshhhhhh.” Formerly treated as two separate species, Japanese Tit and Cinereous Tit.由MERLIN技術支援",Hong Kong,11日 6月 2025年,https://ebird.org/species/cintit13/HK
小杜鵑,Cuculus poliocephalus,與多種杜鵑一樣，本種也通常是憑藉其鳴唱聲發現的；小杜鵑的鳴唱聲為一系列雜亂的音節，常被比作“陰天打酒喝（喝）”，後半段比前半段響亮。大部分成鳥整體為灰色，白色的下體具黑色橫紋，虹膜深色。有些雌鳥上體為亮麗的紅褐色，且雙翼及背部具深色橫紋。幼鳥上體棕色且飛羽常帶白色邊緣。整體來說較其他杜鵑更小且更緊實及矮胖。在低地和山麓林地的樹冠層鳴唱及覓食；冬季喜松樹。由MERLIN技術支援,"Tai Lam Country Park, Hong Kong",11日 6月 2025年,https://ebird.org/species/lescuc1/HK
Yellow-cheeked Tit,Machlolophus spilonotus,"This dashing medium-sized tit can be found in broadleaf and mixed hill forests, as well as adjacent parks and gardens. Utterly unmistakable, with a bright yellow face and nape, which contrast smartly with a black crest, throat, and breast. Wings are gray and black with white spots and bars. Gregarious; often in small flocks of its own species or with large mixed feeding flocks. Song is a bright, repetitive “chew-wee-ee, chew-wee-ee, chew-wee-ee.” Calls vary, but usually incorporate several sharp notes and one or two lower, buzzier notes.由MERLIN技術支援","Tai Lam Country Park, Hong Kong",11日 6月 2025年,https://ebird.org/species/yectit1/HK
中白鷺,Ardea intermedia,一種比黃頭鷺和小白鷺大的體型敦實的白鷺，但比大白鷺小。常令人混淆且難以識別，這種鳥的體型真正介於潛在的易混淆物種之間。可尋找的特徵包括比大白鷺短但比黃頭鷺長的黃色喙，頭部比較圓，腿比大白鷺短，接近黃頭鷺。在亞洲族群中，嘴在繁殖季變為黑色；這些鳥可通過其完全黑色的腳和較短的嘴與小白鷺區別開來。像大多數白鷺一樣，棲於所有類型的水體環境，包括濕地，通常與其他白鷺成群活動。由MERLIN技術支援,"Pui O, Hong Kong",11日 6月 2025年,https://ebird.org/species/integr1/HK
蒼鷺,Ardea cinerea,一般在濕地環境，從草本沼澤和潮灘到小池塘，溝渠和濕地，都極常見且顯眼；在大樹上集體築巢。常見以單隻或小群活動，靜靜地站在水裡或水邊，不常在田裡獵食。羽毛整體呈灰色，頸部較淺；成鳥有白冠，黑色眉毛和黑色肩部。像其他蒼鷺和白鷺一樣，飛行的時候頭部後缩成一坨凸起。由MERLIN技術支援,"Pui O, Hong Kong",11日 6月 2025年,https://ebird.org/species/graher1/HK
Scarlet-backed Flowerpecker,Dicaeum cruentatum,"One of many flowerpeckers in which the male is brightly-colored and the female is predominantly brown. Adult male is black and white from below, but above it is bright red from the crown down to the rump. The female, while largely dull, can be distinguished from other flowerpeckers by her bright red rump that is often visible when hovering and foraging. Juvenile lacks the red rump, but has a white throat and is a much darker brown above than the similar Plain Flowerpecker. A lowland species, often found in gardens with flowering and fruiting plants, particularly mistletoe. Often detected through its metallic ticking calls.由MERLIN技術支援",Hong Kong,11日 6月 2025年,https://ebird.org/species/scbflo1/HK
Yellow-crested Cockatoo,Cacatua sulphurea,"A medium-sized white cockatoo with a yellow crest; rare and endangered throughout its native range but has several strong naturalized populations across Asia. Raucous and social, usually seen in large flocks flying noisily over forested areas. Noticeably smaller than the similarly-colored Sulphur-crested Cockatoo; no natural range overlap, but the two coexist in parts of their introduced range, such as Singapore.由MERLIN技術支援","Hong Kong Park, Hong Kong",10日 6月 2025年,https://ebird.org/species/yeccoc1/HK
東方金腰燕,Cecropis daurica,"Brightly-colored swallow with a deeply forked tail, pale orangish rump, black squared-off undertail coverts, and an incomplete orange collar. The underparts are always streaked, though there is geographical variation, with streaks ranging from fine and sparse to thick and heavy. Juveniles average paler and lack extensive orangish tones; may resemble house-martins but note deeply forked tail. Builds mud nests on mountains, cliffs, and on human structures. Forages over open areas. Frequently gives a short, sparrow-like “twi’wit.” Usually separated from European Red-rumped Swallow by range, but in case of any overlap, should be separated by evenly cinnamon rump (vs. bicolored), dark lores, dark stripe on nape, and bolder streaking on underparts.由MERLIN技術支援","Long Valley, Hong Kong",10日 6月 2025年,https://ebird.org/species/y00621/HK
白腰文鳥,Lonchura striata,農地、草原、灌叢和林緣的常見鳥種；常組成中等大小群聚。在其廣闊分布區中外型有所差異，但不論位於何處，此物種都有黑色的臉、褐色的背部和翅膀，以及白色腹部和腰部。西部族群的胸部顏色較深，如同戴了頭套一般。在世界各地都是常見的籠養寵物鳥，加上馴養的「十姊妹」逸出，可能出現各式各樣顏色與外型。由MERLIN技術支援,"Long Valley, Hong Kong",10日 6月 2025年,https://ebird.org/species/whrmun/HK
灰斑鳩,Streptopelia decaocto,"Large pale dove with a black crescent on the nape. Slightly smaller and paler than Rock Pigeon, with a proportionately longer, square-tipped tail. Favors farms and suburbs; avoids areas with extensive forests. Typically seen in pairs or small loose groups; forms larger flocks in winter. Widespread and common throughout much of Eurasia and northern Africa. Introduced to, and established in, much of North America, the Caribbean, and parts of Central America. Compare with African Collared-Dove, which may occur in small feral populations or as an escapee throughout Eurasian Collared-Dove’s range. Especially note tail pattern from below: mostly white, contrasting with the grayish undertail coverts, and with black extending down the outer edge of the tail feathers. Voice - a cooing “woop-WOOO!-woop” - is also helpful.由MERLIN技術支援","San Tin, Hong Kong",10日 6月 2025年,https://ebird.org/species/eucdov/HK
小鸊鷉,Tachybaptus ruficollis,會潛水的小型鳥，相當普遍但不太起眼，棲息於周邊有蘆葦或其他植被的溼地。很少乖乖待在同一個地點讓你看；極少離開開闊水面(主要都待水裡)。體型相當小巧，頭圓但後腦杓有點蓬。通常單隻或成鬆散的小群，白天常見到在睡覺。繁殖羽往往看起來整隻暗色，光線好時注意暗鏽紅色的頭頸側以及嘴基部的黃色斑。非繁殖羽整體呈現髒髒的淺褐色調，頭頂暗色。由MERLIN技術支援,"San Tin, Hong Kong",10日 6月 2025年,https://ebird.org/species/litgre1/HK
黃小鷺,Botaurus sinensis,棲於沼澤，植被豐富的濕地，體型很小的鷺，在其棲地環境中相當顯眼。成鳥背部為淡橙褐色或黃色，取決於光線，有細長的黑色頂。亞成鳥背羽暗褐色，有淡色羽緣。在飛行中，兩者都可見深色飛羽與淺黃翼覆羽的明顯對比。由MERLIN技術支援,"San Tin, Hong Kong",10日 6月 2025年,https://ebird.org/species/yelbit/HK
翠鳥,Alcedo atthis,相當普通但很小，往往很害羞且不顯眼。見於河流，溪流，湖泊和池塘，幾乎所有有小魚的淡水或鹹水棲息地。經常悄悄停在水面上方的樹枝；最常見的是其極快地低空飛過，像一抹綠松石色閃過水面，通常都是飛走。美麗的藍橙色羽毛，結合其棲息地和習性，基本上不會辨識錯誤。即使鳥本身不可見，只要聽到其尖銳高頻的叫聲就可辨識。由MERLIN技術支援,"San Tin, Hong Kong",10日 6月 2025年,https://ebird.org/species/comkin1/HK
棕背伯勞,Lanius schach,亞洲地區開闊棲地典型的喧鬧大型伯勞。成鳥背部淺灰色，下背部及腹側有不同程度的橙色，以及黑色眼帶，但某些分布在東側的亞種頭部全黑。體型較小的棕赤背伯勞(Bay-backed Shrike)眼帶更寬；西藏伯勞(Gray-backed Shrike)則背部顏色較深、缺少橙色及翅膀的白點。幼鳥難以與其他伯勞幼鳥區分。聲音響亮而粗糙，但也經常模仿其他鳥種的叫聲。由MERLIN技術支援,"San Tin, Hong Kong",10日 6月 2025年,https://ebird.org/species/lotshr1/HK
玉頸鴉,Corvus torquatus,棲於農地，田野和其他開闊空間的獨特烏鴉。黑色白頸圈從從頭後一直延伸到胸部，並在此處變窄成一條細帶。表面上類似於東方寒鴉的成鳥，但後者更緊緻更小，而白頸圈一直延伸到腹部，而不是停在胸部。比起小嘴烏鴉和巨嘴鴉，其叫聲音更高。以前很普遍，但現在僅局部分布而不常見。由MERLIN技術支援,"San Tin, Hong Kong",10日 6月 2025年,https://ebird.org/species/colcro1/HK
灰背椋鳥,Sturnia sinensis,開闊農田和田野中的柔潤銀灰色椋鳥。雄成鳥有柔和的褐色頭部，藍色的喙和白色腹部。雌鳥顏色較深，從頭部向下延伸到腹部和背部的灰褐色。雌雄鳥都有白色腰部、黑色翼尖和亮白肩斑。常與其他椋鳥組成大群，尤其是灰椋鳥和絲光椋鳥。由MERLIN技術支援,"San Tin, Hong Kong",10日 6月 2025年,https://ebird.org/species/whssta2/HK
大冠鷲,Spilornis cheela,體態結實的森林性大型褐色猛禽。停棲時，可由這幾點特徵迅速辨識出來：鮮黃色的眼先部裸皮、布滿白斑點的腹面，以及鬆散的黑白羽冠。成鳥飛行時，注意其翼下及尾部的黑白寬帶。淡色型幼鳥整體偏白，臉部暗色如戴面罩，翅膀褐白相間。如同蛇鵰這個名字所指出的，蛇類佔了牠們食物組成的大部分，但牠們也吃從蚯蚓到大型鳴禽等其他動物。由MERLIN技術支援,"Shing Mun, Hong Kong",10日 6月 2025年,https://ebird.org/species/crseag1/HK
栗背短腳鵯,Hemixos castanonotus,鵯科鳥類，不僅棲息於淺山森林、丘陵，也棲息於和淺山相接的公園、農地和花園中。背部整體為栗褐色調，腹部為汙白色，具不明顯黑色冠羽。常成小群至中群集體活動，偶爾羽其他鳥種混群。叫聲為一連串的喀嗒聲與咯咯聲，鳴唱為由三個音符組成的特殊旋律，最後一個音為柔和、嘶啞的口哨聲。由MERLIN技術支援,"Shing Mun, Hong Kong",10日 6月 2025年,https://ebird.org/species/chebul1/HK
Mountain Tailorbird,Phyllergates cucullatus,"Tiny warbler with a long bill and frequently cocked tail. Secretive, tending to stick to the brushy underlayer of hill and submontane forest. Often moves about solitarily, but can sometimes be found with mixed-species flocks, especially with small warblers and fulvettas. Green above and yellow below, with a pale gray throat. Somewhat resembles a Common or Dark-necked tailorbird, but only a fraction of the size, with a proportionally far longer bill, black eye-stripe, and bright orange forehead. Song is an extremely high-pitched tinkling series of whistled notes with an otherworldly quality. Calls include high descending trills and dry chittering.由MERLIN技術支援","Shing Mun, Hong Kong",10日 6月 2025年,https://ebird.org/species/moutai2/HK
小鶯,Horornis fortipes,小型褐色鶯，通常很害羞，很少遠離躲藏其中發出獨特鳴唱聲的灌叢和矮樹。鳴唱聲是一聲長長的口哨聲跟著一段短促清亮的聲音。鳴唱聲有點類似體型較大的遠東樹鶯和日本樹鶯，但是前段的口哨聲要長得多，且後面接續的音符不那麼輕柔圓潤。看到時顏色相當樸素；背面是深褐色，腹面是淺灰褐色。由MERLIN技術支援,"Shing Mun, Hong Kong",10日 6月 2025年,https://ebird.org/species/bfbwar1/HK
Streak-breasted Scimitar-Babbler,Pomatorhinus ruficollis,"An adaptable mid-sized scimitar-babbler found in a range of different habitats, including forests, scrubland, and parks. A bright banana-yellow bill, rusty neck patch, and warm brown wings and tail contrast sharply with a thick inky-black stripe through the eye and bright white brow and throat. Typically travels in flocks, giving loud hoots and slurred call notes while rustling about at mid and lower levels.由MERLIN技術支援","Shing Mun, Hong Kong",10日 6月 2025年,https://ebird.org/species/sbsbab3/HK
Velvet-fronted Nuthatch,Sitta frontalis,"One of the few nuthatches to break the general neutral color scheme of the family, this stunner can be quite common in lowland and foothill evergreen forests. Aquamarine upperparts, crimson bill, and black patch on the forehead make this active little species unmistakable. Forages by creeping along trunks and branches, often upside down. Often moves in groups, frequently as a member of mixed-species flocks. Song is a high-pitched chittering trill; calls like isolated fragments of song.由MERLIN技術支援","Shing Mun, Hong Kong",10日 6月 2025年,https://ebird.org/species/vefnut1/HK
磯鷸,Actitis hypoleucos,小型的雙色丘鷸科鳥種，常以獨特的、像鶺鴒屬鳥類樣地擺動尾巴。單調褐色，體下白；以其肩膀顯眼的刺狀白斑可與較壯且頭較圓的白腰草鷸區分。見於各種濕地棲息地；在沿河和湖岸的石質地面繁殖，遷移鳥棲於泥濘和岩石基質地面，包括混凝土運河岸到潮汐泥灘的渠道。主要單獨或小群活動，不集成大群或與其他鳥種混群。由MERLIN技術支援,"Tai Sang Wai 大生圍, Hong Kong",10日 6月 2025年,https://ebird.org/species/comsan/HK
燕鴴,Glareola maldivarum,長而有棱角的翅膀在飛行中扭轉和翻動，這種丘鷸科鳥類和鴴的親戚在飛行中給人一種燕子般的印象。成鳥整體褐色，有優雅的黑色項鍊（喉環）和淡黃色喉嚨。在飛行中，可見暗色飛羽，栗色翼下覆羽和亮白色腰。亞成鳥體上斑駁灰褐色，無成鳥的喉環。飛行時發出刺耳的“tarrack”。由MERLIN技術支援,"Tai Sang Wai 大生圍, Hong Kong",10日 6月 2025年,https://ebird.org/species/oripra/HK
灰喜鵲,Cyanopica cyanus,該種類喧鬧，喜社交且活躍，在人工棲息地（例如城市公園和花園）引人注目，在遠離人類住區時偏愛的開闊森林中也同樣顯眼。 輪廓比喜鵲圓滑，尾巴且纖細。在移動時發出喧鬧的尖叫聲，常在被看見前就听到了。由MERLIN技術支援,"Tai Sang Wai 大生圍, Hong Kong",10日 6月 2025年,https://ebird.org/species/azwmag2/HK
青足鷸,Tringa nebularia,眼神溫柔的大型涉禽，有著略微上翹的嘴。注意整體灰色，白色腹部和綠色腿。飛行中看上去上面黑色，寬闊的白色條紋（從腰部）延伸到背部中間。比赤足鷸略大且較瘦長。通常單獨或小群活動。主要在水中走動，以啄食和用嘴橫掃覓食。在北歐和亞洲的廣泛區域繁殖；遷移至非洲，南亞和澳大利亞，見於各種不同的濕地棲息地。由MERLIN技術支援,"Mai Po Nature Reserve, Hong Kong",10日 6月 2025年,https://ebird.org/species/comgre/HK
黑面琵鷺,Platalea minor,大型白色水鳥，有長的飯匙狀的嘴。繁殖期成鳥頭部有長飾羽，胸部有黃色。整個面部為黑色裸皮，使其與白琵鷺區分開，白琵鷺是其棲地範圍內唯一的其他琵鷺。經常聚集成大群，偶爾與白琵鷺混在一起。在泥灘，河口，湖泊和大型草本沼澤地覓食，經常在水中橫向掃動來篩捕水生無脊椎動物。由MERLIN技術支援,"Mai Po Nature Reserve, Hong Kong",10日 6月 2025年,https://ebird.org/species/blfspo1/HK
灰椋鳥,Spodiopsar cineraceus,這種時常看來骯髒的椋鳥在許多開闊棲地中很常見。全身深灰褐色，有不同大小的白色臉頰；白斑有時可以覆蓋大部分頭部。白色腰部在覓食時會被遮住，但飛行時卻很明顯。成群覓食時，會不斷發出喋喋不休的高亢叫聲。由MERLIN技術支援,"Mai Po Nature Reserve, Hong Kong",10日 6月 2025年,https://ebird.org/species/whcsta1/HK
叉尾雨燕,Apus pacificus,暗色的大型雨燕，飛行時輪廓角度像是摺紙折出來的一般。全身大部分黑色，喉部較淡，腰部白色。飛行時明顯可見分叉的長尾，轉彎時經常會打開。遷徙時會成大群，飛行中會發出尖聲的顫音。叉尾雨燕在幾年前分成四種，彼此的外表極為相似，最好是由分布地區來辨別種類。由MERLIN技術支援,"Long Valley, Hong Kong",10日 6月 2025年,https://ebird.org/species/fotswi/HK
翠翼鳩,Chalcophaps indica,體色明亮，讓人印象深刻。在森林底層活動，具有鮮綠色的翅膀，珊瑚紅色的嘴和灰色的前頭。 雄鳥好像戴著大銀帽，雌鳥則無。經常在良好遮蔭的小徑遇到。叫聲為重複的咕咕聲，類似「地-嗚、 地-嗚~、 地-嗚、 地-嗚~」。由MERLIN技術支援,"Bride's Pool, Hong Kong",10日 6月 2025年,https://ebird.org/species/emedov2/HK
Speckled Piculet,Picumnus innominatus,"Unique tiny woodpecker with olive-yellow wings, brown-and-white striped head, and black-spotted white breast and belly. Other piculets in range look very different, being mostly unmarked. Call is an extremely high “tsik tsik tsik.” Drums very loudly for such a diminutive bird. Widespread, found in lowland and foothill forests, often in areas with bamboo stands.由MERLIN技術支援","Bride's Pool, Hong Kong",10日 6月 2025年,https://ebird.org/species/spepic1/HK
綠畫眉,Erpornis zantholeuca,小的，有冠狀飾羽的，類似鳳鶥屬鳥類的鳥，在各種森林棲地中常被觀察到為混群的一部分。體上為單色調的黃綠色，並平滑地融入灰白的胸部和腹部。從下面看時，亮黃色泄殖口通常很明顯。傾向於在樹葉的上層活動，從中常可聽到其響亮的“ nay nay”叫聲。由MERLIN技術支援,"Bride's Pool, Hong Kong",10日 6月 2025年,https://ebird.org/species/whbyuh1/HK
樹鵲,Dendrocitta formosae,低地，丘陵森林和花園的常見居民，這種長尾鴉科鳥種整體呈灰色，並帶有濃濃的一層褐色，尤其是在脖子和背部。臉，翅膀和尾巴都深色。翼上白斑在飛行時會閃現，但很小，停著的時候容易被忽視。從下面看時，按長度依次排列的尾巴和亮橙色的泄殖口通常很突出。喧鬧，有各種各樣的鳴叫聲；有嘹亮的“葛葛哩-”和“嘎-嘎-嘎”，但也有優美的口哨聲。由MERLIN技術支援,"Bride's Pool, Hong Kong",10日 6月 2025年,https://ebird.org/species/grytre1/HK
綠啄花,Dicaeum minullum,鳥如其名的小巧啄花鳥，常看到在花朵四周懸停，或將頭深深探入。背部欖褐色，腹部則較暗淡。暗淡的臉和大大的黑眼賦予牠「可愛」的外貌。沒有特徵本身就是特徵；分布區內的其他啄花鳥都有斑紋或有明亮色塊。表現出對槲寄生的強烈偏好，常可以看到牠單獨或成對圍繞著槲寄生的果實和花朵。由MERLIN技術支援,Hong Kong,10日 6月 2025年,https://ebird.org/species/plaflo2/HK
Pygmy Cupwing,Pnoepyga pusilla,"Essentially a tiny brown tennis ball supported by tiny chopsticks. Dark brown above with densely packed black-and-white scaling on the underside. Gives the impression of a tailless rodent as it makes its way furtively through dense shrubbery and leaf litter. Can be quite vocal and is jarringly loud for its size, giving single well-spaced piercing whistles on different high pitches, and occasionally an accelerating, usually rising rapid series of whistles. Also gives a sharp chip.由MERLIN技術支援","Tai Po Kau Nature Reserve, Hong Kong",10日 6月 2025年,https://ebird.org/species/pywbab1/HK
家烏鴉,Corvus splendens,"A slender, blackish medium-sized crow with a long bill. The grayish nape and sides form a paler collar that contrasts with the glossy black body. Primarily a scavenger, feeding on leftover rubbish from humans. Found in a wide range of habitats mostly around human habitation. Their call is a loud and harsh “kaa kaa kaa.”由MERLIN技術支援",Hong Kong,10日 6月 2025年,https://ebird.org/species/houcro1/HK
Chinese Francolin,Francolinus pintadeanus,"Gamebird of dry, shrubby areas; especially common in hilly and montane regions. Male has white cheeks and rufous on the crown, shoulders, and vent, but is predominantly covered with delicate black-and-white scaling. Female is similarly intricate in her patterning but is browner and less bright overall. Singing males often stand on exposed rocks and hilltops to give their song, a metallic series of notes often likened to “come-to-the-peak-ah-ah!”由MERLIN技術支援",Hong Kong,10日 6月 2025年,https://ebird.org/species/chifra1/HK
灰腳秧雞,Rallina eurizonoides,居住在茂密樹林及濃密林緣的小型似雞鳥類。深褐色背部，有橙色的頭胸部及黑白條紋的腹側。幼鳥外型相似但頭胸部為褐色，腹部白色條紋較窄。深鉛灰色腳，可以與紅腳秧雞、斑脇秧雞和緋秧雞作區別，牠們的腹部花紋也有所不同。夜晚時會在喜愛的樹木棲枝處鳴唱，發出一連串兩音節的呼呼聲，會讓人聯想到黃嘴角鴞。由MERLIN技術支援,Hong Kong,10日 6月 2025年,https://ebird.org/species/sllcra1/HK
蒼翡翠,Halcyon smyrnensis,大頭，主體是褐色的翠鳥，有電藍色背部和翅膀，厚重的橙色嘴，以及從喉嚨向下延伸到腹部的雪白色大斑塊。在水附近和遠處都常見；經常看到停在濕地，湖泊，農田和空地附近的柵欄和電話線上。通常在飛行中發出尖銳響亮的猛禽般的漸弱顫音和咯咯聲。由MERLIN技術支援,Hong Kong,10日 6月 2025年,https://ebird.org/species/whtkin2/HK
灰胸秧雞,Lewinia striata,背部和腹部的錯綜複雜條紋，灰色喉嚨及胸部以及紅褐色冠和頸背的組合將這只偷偷摸摸的鳥與其類似物種分開。像許多其他秧雞科鳥種一樣，在沼澤、濕潤的草原、氾洪的牧場和紅樹林的茂密植被中不引人注意地走動。偶爾在植被附近的開闊區域覓食，特別是在清晨和傍晚。叫聲包括一系列乾而快且逐漸加快的敲打聲；乾而粗糙的金屬聲“ krrrr”；和單音的簡短“咕”聲。由MERLIN技術支援,Hong Kong,10日 6月 2025年,https://ebird.org/species/slbrai1/HK
亞歷山大鸚鵡,Psittacula eupatria,"Large and long-tailed green parakeet with a bright red beak. Female lacks male’s pink-and-black ring around the neck. Note the very long tail. Similar to significantly smaller Rose-ringed Parakeet; note Alexandrine’s dark red shoulder patches and larger bill. Raucous and loud; gives piercing screeches and screams. Found in both dry and wet forest, typically in lowlands but occasionally in foothills. Native to South and Southeast Asia, introduced to parts of Europe and Hong Kong.由MERLIN技術支援","Kowloon Park, Hong Kong",9日 6月 2025年,https://ebird.org/species/alepar2/HK
栗小鷺,Botaurus cinnamomeus,體型很小的鷺，棲於潮濕和開闊的草地，如草甸和稻田。成年雄鳥整個體上呈均勻明亮的紅褐色，極易辨識。雌鳥和亞成鳥的腹部有淡條紋，翅膀和背部散落著深色條紋和斑點，並且呈深褐色帶一些紅褐色調。雌鳥翅膀上常有淡斑點，可能會與秋小鷺雌鳥混淆，後者的白斑點更亮，更明確且是明顯的深褐色而無栗紅色調。由MERLIN技術支援,"Hong Kong Wetland Park, Hong Kong",9日 6月 2025年,https://ebird.org/species/cinbit1/HK
髮冠卷尾,Dicrurus hottentottus,這隻大黑鳥因其命名的細絲狀冠羽常常觀察不到；翅膀上的金屬藍色光澤，及頸部上稍不明顯的金屬藍色光澤，是其更好的識別特徵。帶有捲邊的方形尾部也可作為這個物種與許多其他類似的卷尾科鳥類區分開來的特症，例如小卷尾，其有明確的叉尾。鳴叫聲變化多端，從粗啞的尖叫聲到和婉轉的哨聲都有。由MERLIN技術支援,"Fung Lok Wai, Hong Kong",9日 6月 2025年,https://ebird.org/species/hacdro1/HK
Chinese Barbet,Psilopogon faber,"A brightly-colored inhabitant of tropical forest canopies. Slow moving and well camouflaged; its loud and far-carrying song, combined with its secrecy, ensure that it is usually heard far more often than seen. If seen well, combination of red-and-yellow throat, blue ear, black crown, and green body distinguish it from any other similarly sized birds in its range. Regularly visits fruiting trees.由MERLIN技術支援","Ho Chung Valley, Hong Kong",9日 6月 2025年,https://ebird.org/species/chibar1/HK
紅嘴黑鵯,Hypsipetes leucocephalus,大型鵯科，有黑頭型與白頭型兩種類群；前者主要在其世界分布的西方佔優勢，而後者則是在東方佔優勢。兩者身軀皆為黑色，具不明顯冠羽、深紅色的嘴喙和腿部。較長的尾巴和嘴喙，使其身形看起來較其他鵯科鳥類要修長。常聚集成大群集體活動，吵雜地在有果實的樹上移動。常見於山地森林，但也經常出沒於淺山森林、公園之中。由MERLIN技術支援,"Tai Lam Country Park, Hong Kong",9日 6月 2025年,https://ebird.org/species/blabul1/HK
鷗嘴燕鷗,Gelochelidon nilotica,體型中等的燕鷗，厚厚的黑色嘴喙。整體十分蒼白，繁殖羽有黑色頭頂。腿黑。非繁殖羽有暗色頰斑。比大多數其他燕鷗更常在偏沼澤的棲地出現，通常靠近海岸而不在海上，偶爾會在海灘和泥灘出現。很少與其他燕鷗成群出現；通常為單一隻或成對。在泥地和沼澤捕食無脊椎動物及螃蟹；常在池沼邊巡飛，但不像其他燕鷗那樣從水中捕魚。由MERLIN技術支援,"Tsing Yi Park, Hong Kong",9日 6月 2025年,https://ebird.org/species/gubter2/HK
Greater Necklaced Laughingthrush,Pterorhinus pectoralis,"A large, long-tailed, thrushlike bird of dense forests. Note its black necklace, streaked white cheek patch, and pale band near the tip of the tail. Very similar to Lesser Necklaced Laughingthrush; note dark eye and ‘contained’ (completely encircled) cheek patch. Shy and difficult to see well. Usually found in small flocks in wet lowland and hill forest, often near streams. Song is a series of loud whistles, not as long or varied as that of Hwamei. Native to East and Southeast Asia; introduced to the Hawaiian island of Kauai.由MERLIN技術支援",Hong Kong,9日 6月 2025年,https://ebird.org/species/gnlthr/HK
中國黑鶇,Turdus mandarinus,出現在開闊森林、庭院和農場的大型暗色鶇；在其廣泛的分布範圍內，是一種常見的都市鳥類。常在遠離遮蔽物的草坪和田地出現，覓食蚯蚓和其他無脊椎動物。雌雄都是暗色有橙色喙；雄性全身黑色，雌性則為深褐色。白天在顯眼的棲枝上美妙地鳴唱；一連串嘹亮的旋律，在個體之間可能會有很大差異。警戒或激動時，常發出刺耳的尖叫或一連串「wuk」聲。由MERLIN技術支援,"Victoria Park, Hong Kong",8日 6月 2025年,https://ebird.org/species/chibla1/HK
番鵑,Centropus bengalensis,體色暗、體型強壯的杜鵑科鳥類，棲息於灌叢、蘆葦床、林緣及農墾地帶。成鳥體黑，翅膀鮮栗紅色，頸部及肩部有細銀白縱紋。未成鳥背面灰褐，腹面羽色較淡，翅膀為黯淡的栗紅色，尾巴布滿黑色及褐色橫紋。似褐翅鴉鵑，但番鵑明顯較小，眼暗色(而非紅色)，背跟翅膀的栗紅色沒那麼亮麗、而且有銀白細紋。鳴唱聲是連串清晰、獨特的音節，像球在彈跳般逐漸增強。由MERLIN技術支援,"Sunset Peak, Hong Kong",8日 6月 2025年,https://ebird.org/species/lescou1/HK
白喉短翅鶇,Brachypteryx leucophris,"A small ground-hugging bird found in areas with dense cover, usually near moving water. Unlike most shortwings, male and female are not significantly different; both sexes are brown or gray overall, with a white eyebrow and throat. Furtive and quite difficult to see; its tinkling melodic song, which starts with 1-2 slow notes and quickly accelerates into a rushed-sounding loud musical jumble, may give away its position in the undergrowth.由MERLIN技術支援","Sunset Peak, Hong Kong",8日 6月 2025年,https://ebird.org/species/lessho1/HK
橙腹葉鵯,Chloropsis hardwickii,"The only leafbird within its range with an orange belly. Male is unmistakable with a blue-and-black face pattern, a solid orange belly, and green-and-blue wings. Female is green all over with blue cheeks and less extensive orange on the belly. The female can be confused with female Blue-winged Leafbird, but Orange-bellied has an orange belly and more blue on the face than Blue-winged Leafbird. Often moves about quietly in the upper layers of hilly and montane forests, gleaning insects from branches and foraging at fruiting and flowering trees. Frequently incorporates the songs and calls of other species into its vocalizations.由MERLIN技術支援","Sunset Peak, Hong Kong",8日 6月 2025年,https://ebird.org/species/orblea1/HK
冠郭公,Clamator coromandus,外型獨特、尾長的杜鵑科鳥類，頭頂尖形的黑色冠羽宛如巫婆帽，喉部鮮橘色，翅膀鏽紅，背黑色，後頸及腹部白色。在濃密樹冠層高處覓食、鳴唱，因此所有的羽色特徵很少一眼就全看清楚。叫聲有不同變化，尖銳、刺耳或帶金屬音，還包括高音的「veep-veep」，尖厲的「kooree」，以及狂亂的咯咯聲。由MERLIN技術支援,"Tai Lam Country Park, Hong Kong",8日 6月 2025年,https://ebird.org/species/chwcuc1/HK
金背鳩,Streptopelia orientalis,擁有誘人羽毛的鳩，肩羽及覆羽為紅褐色鱗片花紋，灰暗的下半身，頸側的黑白條紋是由銀色羽尖的羽毛所構成。不同亞種間羽色有很大差異。最南的族群是留鳥，其他族群則在冬季會向南遷徙。在開闊的低地森林及有豐富林下層的灌叢繁殖。生性害羞，常躲藏在樹冠中。叫聲是兩聲嘶啞的聲音，然後是兩聲乾淨的聲音。「呼-呼 嗚-嗚」由MERLIN技術支援,"King's Park, Hong Kong",8日 6月 2025年,https://ebird.org/species/ortdov/HK
Asian Barred Owlet,Glaucidium cuculoides,"A medium-sized, rotund owl often found during the day on exposed perches such as telephone wires. Brown overall with brown-barred underparts. Similar to Collared Owlet, but Asian Barred lacks false eye spots on the back of the head, has darker brown barring on the sides, and is larger. Calls (a long series of mellow toots) mostly at night, but can often be located during the day by the presence of mobbing songbirds. Found in a wide range of wooded habitats, including large parks and gardens.由MERLIN技術支援","Tai Po Kau Nature Reserve, Hong Kong",8日 6月 2025年,https://ebird.org/species/asbowl1/HK
領角鴞,Otus lettia,中等體型的角鴞，在其廣闊的分布區內羽色及鳴聲有很大差異。顏色為灰色或褐色，具明顯耳羽和黑色輪廓勾勒出的淺色臉部。習慣於人類的存在，有時會在寺廟、房屋和庭院中棲息，特別是在農村地區。體型比東方角鴞及黃嘴角鴞更大、耳羽更粗長；且兩者都沒有環繞臉部的深黑色輪廓。由MERLIN技術支援,Hong Kong,7日 6月 2025年,https://ebird.org/species/cosowl1/HK
Bay Woodpecker,Blythipicus pyrrhotis,"A medium-sized woodpecker of dense forests, often encountered only through its song, which sounds like maniacal descending laughter; also gives a loud, high-pitched grating chatter. Bright rufous overall, with black banding on the wings and tail, a paler brown head, and a long, bright yellow bill. Only the male has a red patch on the back of the head. May appear dark brown from a distance or when shaded, but often flashes bright orange when in flight. Drums infrequently, if at all.由MERLIN技術支援",Hong Kong,7日 6月 2025年,https://ebird.org/species/baywoo1/HK
白腹海鵰,Icthyophaga leucogaster,灰白雙色的巨型猛禽，盤旋時翅膀上揚成明顯V字型。飛行時，注意翼下的黑白雙色，短尾。幼鳥偏褐色，可能會跟楔尾鵰搞混，但白尾海鵰幼鳥尾巴短且色淺。棲息於沿海地帶以及河口、內陸的水域。由MERLIN技術支援,"Sai Kung Harbour, Hong Kong",7日 6月 2025年,https://ebird.org/species/wbseag1/HK
鳳頭蒼鷹,Lophospiza trivirgata,強健的森林性猛禽，尤其偏好丘陵地的樹林。後頭的短冠通常低伏，不易見。成鳥頭灰色，翅膀褐色，腹面白色帶橙褐色橫紋，喉部有黑縱紋。未成鳥似成鳥，但紋路較不明顯，頭褐色，腹面有斑點。相較其他雀鷹屬猛禽，鳳頭蒼鷹飛行時顯得較結實、尾部相對較短。成鳥飛行時，在尾巴兩側可見蓬鬆的白色羽簇。由MERLIN技術支援,"Tai Lam Country Park (Eco Garden), Hong Kong",7日 6月 2025年,https://ebird.org/species/cregos1/HK
Chinese Grassbird,Graminicola striatus,"A seldom seen and poorly understood shy, streaky, brown babbler. Stays low and hidden in tall grassy and reedy vegetation within fields and wetlands. Brown above with a pale breast and a long tail. The crown and back are streaked with black, giving it the appearance of an overgrown cisticola, but the distinctive patch of black-and-white streaking on the nape is unlike that of any warbler. Appears singly and in pairs.由MERLIN技術支援","Tai Mo Shan, Hong Kong",7日 6月 2025年,https://ebird.org/species/chigra1/HK
紅嘴相思鳥,Leiothrix lutea,"A plump, brightly colored babbler of dense forest understory. The yellow-orange breast and red bill are distinctive. The tail feathers have a peculiar outward curve near the tip. The song is a somewhat disjointed series of melodious phrases; calls include harsh scolding, chattering, and a repeated “peter-peter”. Native to Asia, from the eastern China west to the Himalayas; introduced to Hawaii, Japan, Reunion Island, and parts of Europe.由MERLIN技術支援","Tai Mo Shan, Hong Kong",7日 6月 2025年,https://ebird.org/species/reblei/HK
大花鷚,Anthus richardi,大型，結實，幾乎像鶇科鳥類一樣的鷚屬鳥種，有大嘴，長而蒼白的眉毛和長尾。如果停在地面上，非常大的後爪及長腿很明顯。飛行動作強勁有力，沉重且跳躍。受驚嚇飛起時，發出“ pshee”聲。見於開闊的草原，茬地，農田，沙丘和鹽沼。與其他大型鷚屬鳥種區分開可能很難。注意叫聲和翅膀圖案。由MERLIN技術支援,"Tai Mo Shan, Hong Kong",7日 6月 2025年,https://ebird.org/species/ricpip1/HK
赤褐蝗鶯,Locustella mandelli,"This mouse-like bush warbler skulks deeply in thickets and shrubbery, seldom exposing more than one part of its body at once except when singing. Brown overall with few distinguishing features; lighter, warmer brown overall than Brown Bush Warbler, with a whiter throat and belly. Favors fairly open brushy edge habitats with tangles and thickets of dense vegetation; can be found in overgrown cultivation and field edges. Belts out a song starting with a buzzing introductory note, which is followed by a series of paired ticks.由MERLIN技術支援","Tai Mo Shan, Hong Kong",6日 6月 2025年,https://ebird.org/species/rubwar1/HK
黃足鷸,Tringa brevipes,中型灰色濱鳥，中等長度直直的嘴。與美洲黃足鷸相似，但白眉更寬，在前額嘴上方連起來。僅在繁殖季出現的體下深色條紋比美洲黃足鷸更細也更淡，且通常不會延伸到尾下覆羽。夏威夷群島罕見的遷徙鳥和冬季過境鳥。最常見的呼叫是兩個音符“吐咿-吐咿-”，但也會發出類似美洲黃足鷸的顫音，特別是當警戒時。由MERLIN技術支援,"Tung Chung Canal and River, Hong Kong",6日 6月 2025年,https://ebird.org/species/gyttat1/HK
方尾烏鵑,Surniculus lugubris,小型、苗條的杜鵑，跟大卷尾很像，但比較小隻，嘴有點下彎。成鳥黑色，尾下有白色橫紋；幼鳥尾較短，羽色灰黑，翅膀跟 腹側有白斑點。相當文靜而不好動，棲息在灌叢的糾結植群和低地及丘陵林地的邊緣地帶，不容易觀察到。鳴唱聲是洪亮大聲、快速上升的連串哨聲。由MERLIN技術支援,"Tai Po Kau Nature Reserve, Hong Kong",6日 6月 2025年,https://ebird.org/species/asidrc3/HK
橙頭地鶇,Geokichla citrina,"Brightly-colored ground-dwelling thrush. Bright orange head, breast, and belly are unmistakable. Some subspecies have two broad black crescents on the sides of the face. Hops about foraging in the leaf litter in forested areas, often in wet gullies and ravines. Beautiful song is composed of well-spaced strophes of warbling and buzzy notes.由MERLIN技術支援",Hong Kong,6日 6月 2025年,https://ebird.org/species/orhthr1/HK
Brown Fish-Owl,Ketupa zeylonensis,"Huge bulky brown owl with a finely streaked breast, a plain face, and bright yellow eyes. Also note its dirty white “bib” and the heavy brow that gives it a moody demeanor. Inhabits waterside wooded areas from lowlands up into the mountains; feeds by dropping down into and wading around in creeks, lakes, and pools. Often gives deep echoing hoots, as well as various shrieks and higher-pitched hoots.由MERLIN技術支援",Hong Kong,5日 6月 2025年,https://ebird.org/species/brfowl1/HK
燕隼,Falco subbuteo,稀有過境鳥。喜愛開闊林地、灌叢地、帶有雜木林的農地，常於水域及沼澤附近獵食。非常具有流線型，似大型雨燕；飛行姿態比紅隼優雅且更有流線感。在空中獵捕蜻蜓、燕子和其他小鳥，有時就在空中進食。背面灰色，尾巴樸素，腹面有粗縱紋，雙腿至尾下鏽紅色。遊隼跟燕隼比起來體型較大、較壯，尾巴比例較短。由MERLIN技術支援,Hong Kong,4日 6月 2025年,https://ebird.org/species/eurhob/HK
反嘴鴴,Recurvirostra avosetta,引人注目且基本不會辯錯，有著優雅的體型，顯眼的雜色羽毛，長長的灰藍色腿，及長而纖細的且向上彎曲的嘴。雌鳥嘴的彎曲幅度更大。常小群集體繁殖; 築巢的鳥非常吵鬧。非繁殖群體局部數量上數百。在淺水中跋涉覓食，將其嘴橫向掃動。最常見於沿海濕地和鹹水潟湖和河口，但也會出現在內陸，特別是在大型湖泊上或附近。由MERLIN技術支援,"Mai Po Nature Reserve, Hong Kong",4日 6月 2025年,https://ebird.org/species/pieavo1/HK
灰斑鴴,Pluvialis squatarola,相當大的濱鳥，短而粗壯的嘴。 在繁殖季，有醒目的黑色臉部和腹部，體上為顯眼的黑白格子。 在非繁殖季，為更均勻的單調灰色和白色腹部。 在海灘和泥灘，漫步或跑步，不動及啄食表面來覓食。 冬季最常見於沿海地區。 在北極苔原上繁殖。由MERLIN技術支援,"Mai Po Nature Reserve, Hong Kong",4日 6月 2025年,https://ebird.org/species/bkbplo/HK
蒙古鴴,Anarhynchus mongolus,小型涉禽有著灰色背部和白色下部。 繁殖期雄鳥胸部變為紅色，並延伸到前額及頸後。 雌鳥和非繁殖期成鳥（相應部位）無紅色。常與鐵嘴鴴混淆，但可通過其較小的體型和嘴來區分，儘管這有可能相當難以判斷，除非兩個物種同時存在。由MERLIN技術支援,"Mai Po Nature Reserve, Hong Kong",4日 6月 2025年,https://ebird.org/species/lessap2/HK
鐵嘴鴴,Anarhynchus leschenaultii,小型涉禽有著灰色背部和白色下部。 繁殖期雄鳥胸部變為紅色，並延伸到前額及頸後。 雌鳥和非繁殖期成鳥（相應部位）無紅色。常與蒙古鴴混淆，但可通過其較大的體型和較厚重較長的嘴來區分，相當難以判斷，除非兩個物種同時存在。由MERLIN技術支援,"Mai Po Nature Reserve, Hong Kong",4日 6月 2025年,https://ebird.org/species/grsplo/HK
東方環頸鴴,Anarhynchus alexandrinus,小而淡色的鴴，有不連續的黑色頸線，體上灰褐色，腿灰色，及相當細的黑色嘴。 繁殖羽有黑色面具（TW野鳥圖鑑：過眼線）和胸部兩側的黑色胸帶（不完整的帶）。 非繁殖羽以褐色代替黑色。 主要棲於沿海，沙灘，乾燥的泥灘和鹽池，通常靠近水； 也在局部地區棲於內陸。 遷移時會加入其他濱鳥混群。由MERLIN技術支援,"Mai Po Nature Reserve, Hong Kong",4日 6月 2025年,https://ebird.org/species/kenplo1/HK
中杓鷸,Numenius phaeopus,大型，褐色濱鳥，有長而下彎的嘴。中等褐色羽毛，頭部有獨特的條紋，冷褐色（不是暖黃褐色）身體和翅膀。喜歡沿海草本沼澤和泥灘；有時棲息於海灘。常與其他大型濱鳥混群。會發出一長串短而尖銳的口哨聲。由MERLIN技術支援,"Mai Po Nature Reserve, Hong Kong",4日 6月 2025年,https://ebird.org/species/whimbr/HK
黦鷸,Numenius madagascariensis,這種非常大的杓鷸屬鳥類揮動著一個不尋常的似彎刀的嘴，用於從深洞中捉取無脊椎動物。通常中小群在大片的泥灘上活動。與大杓鷸類似，但羽色溫暖得多，有淡褐色（非白色）腰和密集條紋的翼下覆羽，與大杓鷸的無條紋的白色翼下覆羽不同。叫聲類似於大杓鷸，但音調更深。由MERLIN技術支援,"Mai Po Nature Reserve, Hong Kong",4日 6月 2025年,https://ebird.org/species/faecur/HK
大杓鷸,Numenius arquata,見於各種開闊棲息地的彎刀嘴大型濱禽。 注意大體型，整體褐色羽毛和長而下彎的嘴（亞成鳥嘴明顯較短）。 在飛行中可見背部白斑，翼下覆羽大多白色。時常發出類似“coor-lee” 的叫聲。與之 相比，較小且有頭部條紋的中杓鷸，及在東亞和澳大利亞的黦鷸（有淡黃褐色腰部和密集條紋的翼下覆羽），是發出笛聲般的哨音。 主要在草原上繁殖，包括沿海草本沼澤到高地沼澤； 冬季主要在沿海低地，特別是泥灘和鄰近的沼澤。由MERLIN技術支援,"Mai Po Nature Reserve, Hong Kong",4日 6月 2025年,https://ebird.org/species/eurcur/HK
反嘴鷸,Xenus cinereus,春季和秋季非常罕見的遷徙鳥（會迷途到英國）；主要在俄羅斯繁殖。在各種濕地棲息地單獨活動，從淡水草本沼澤到潮汐泥灘，且常與其他濱鳥分開。在昆蟲後小跑追逐及用嘴在泥濘中探索覓食，像迷你版的斑尾鷸或黑尾鷸。注意長而略微上翹的嘴和相當短的橙黃色腿。羽色整體灰色，白色腹部，但在飛行中可見明顯的翅膀白色後緣。由MERLIN技術支援,"Mai Po Nature Reserve, Hong Kong",4日 6月 2025年,https://ebird.org/species/tersan/HK
赤足鷸,Tringa totanus,有亮紅色腿的敦實褐色涉禽；亞成鳥和非繁殖成鳥羽色與更纖細，修長很多的鶴鷸類似。通常相當警惕，用其響亮，笛音般的哨音警告其他鳥類。緊張時上下擺動尾巴，然後飛走，飛行中可見耀眼的白色翼後緣和白腰。在泥濘的淺灘中覓食，用嘴探索和啄食。棲於淡水和沿海濕地；也在高地荒野上繁殖，通常靠近水。由MERLIN技術支援,"Mai Po Nature Reserve, Hong Kong",4日 6月 2025年,https://ebird.org/species/comred1/HK
諾氏鷸,Tringa guttifer,稀少且數量在下降的大型濱鳥，僅分布於東亞和東南亞的沿海草本沼澤和泥灘。與青足鷸相似，看上去更結實，更頑固，腿較短且嘴較粗。繁殖期成鳥體上主要灰色，體下白，在胸部和體上兩側有密集斑點，非繁殖期成鳥體上珍珠灰色，體下雪白。雙色嘴基部為橄欖綠色，尖端變暗。叫聲獨特，通常是單鼻音，而不是青足鷸的圓潤“tu-tu-tu！”聲。由MERLIN技術支援,"Mai Po Nature Reserve, Hong Kong",4日 6月 2025年,https://ebird.org/species/norgre1/HK
大濱鷸,Calidris tenuirostris,中型，敦實的濱鳥在其遷移時幾乎僅見於沿海泥灘，很少在內陸。成鳥繁殖羽有磚橙色的翼上斑塊，黑色背部和黑色斑點的胸部。非繁殖成鳥和亞成鳥羽色較單調，體上灰褐色，體下白色，頸部和胸上部有灰色斑點。較小的紅腹濱鷸非繁殖羽淡很多，且有較短的嘴。飛行時發出尖銳，口哨音“kweet-kweet”。由MERLIN技術支援,"Mai Po Nature Reserve, Hong Kong",4日 6月 2025年,https://ebird.org/species/grekno/HK
寬嘴鷸,Calidris falcinellus,小而奇特的鷸科鳥類，短腿，長而細且尖端下彎的嘴。體上深色，與體下白色和胸部條紋形成鮮明對比。看上去偷偷摸摸的，覓食動作緩慢。被驚嚇飛起時，飛得很低且通常很短。顯眼的頭部圖案，在所有季節都很明顯，是與其他冬季羽色的鳥區分開來的最好特徵。在針葉林泥炭沼澤繁殖，通常在遷徙和度冬時棲於海岸和河口。由MERLIN技術支援,"Mai Po Nature Reserve, Hong Kong",4日 6月 2025年,https://ebird.org/species/brbsan/HK
紅胸濱鷸,Calidris ruficollis,棲於內陸和沿海濕地及河口的一種非常小的濱鳥。繁殖期成鳥頭部是由深色點圍繞的鮮豔橙色（與圖鑑的圖不一致）（不像小濱鷸橙色內部沒有深色），翼上覆羽亮橙色有金色調。非繁殖成鳥體上灰色，體下蒼白；亞成鳥類似但體上有較濃郁的灰褐色及淡而整齊的羽毛邊緣。飛行時叫聲是高而刺耳的“krreeet”。由MERLIN技術支援,"Mai Po Nature Reserve, Hong Kong",4日 6月 2025年,https://ebird.org/species/rensti/HK
小燕鷗,Sternula albifrons,外觀小巧纖細的燕鷗。主要在沿海地區活動，也出現在內陸。繁殖羽有黑色頭頂，V字型白色前額，黃色喙黑嘴尖。雖然度冬成鳥與(普通)燕鷗外型近似容易混淆，但很容易從較小的體型來辨識；注意觀察從肩部延伸到翼尖的黑色條紋。在海灘、河岸及湖岸的沙質和岩質基質上建立繁殖巢區，有時與其他燕鷗一起。容易被忽視，除非在巢區發出吵鬧聲或出現圍攻行為。飛行時拍翅快而深；射入水中捕捉小魚。由MERLIN技術支援,"Mai Po Nature Reserve, Hong Kong",4日 6月 2025年,https://ebird.org/species/litter1/HK
白翅黑燕鷗,Chlidonias leucopterus,普遍至局部普遍，夏季從位於熱帶地區的度冬地遷徙到歐洲東部及俄羅斯（歐洲西部為罕見的迷鳥）。像黑浮鷗一樣，在水面捕食，而不像典型的燕鷗一樣射入水中。白翅黑燕鷗的繁殖成鳥在飛行時十分顯眼，有對比鮮明的黑白羽毛；停棲時注意白色肩部與黑色身體的鮮明對比。幼鳥可以由暗色背部與較淡的翅膀及白色腰部的鮮明對比，以及肩上的黑色標記而與黑浮鷗區分出來。由MERLIN技術支援,"Mai Po Nature Reserve, Hong Kong",4日 6月 2025年,https://ebird.org/species/whwter/HK
唐白鷺,Egretta eulophotes,中型白鷺。繁殖期成鳥有亮藍色眼先裸皮，偏粉紅的橙色嘴，頭部，頸部和背部有長飾羽。非繁殖期成鳥無飾羽，且有暗綠色腿和嘴。非繁殖鳥可能與小白鷺混淆，但小白鷺有更細的嘴，更長，更細的腿，且通常是亮黃色腳。繁殖時在岩島和岩岸線間移動；在紅樹林，河口和泥灘度冬。由MERLIN技術支援,"Mai Po Nature Reserve, Hong Kong",4日 6月 2025年,https://ebird.org/species/chiegr/HK
黑翅鳶,Elanus caeruleus,相當獨特的小型鳶，外型似隼。腹面淺色，背面藍灰色，由黑色覆羽形成的黑色「肩部」相當醒目。幼鳥背面有鱗狀斑，胸部帶褐色調。棲息環境包括開闊莽原、半沙漠以及散布著樹林的農地。飛行方式多變，時而像紅隼般定點振翅，時而像澤鵟般滑翔，但拍翅幅度大、滑翔時雙翅往上舉。在臺灣，近年族群量有擴張趨勢。由MERLIN技術支援,"Mai Po Nature Reserve, Hong Kong",4日 6月 2025年,https://ebird.org/species/bkskit1/HK
絲光椋鳥,Spodiopsar sericeus,田野、公園和農地裡的群居大型椋鳥。雌雄成鳥對比強烈且分界明顯的白頭在同域的椋鳥中是獨一無二的。雌鳥比雄鳥樸素，但都有灰色的身體和帶有白斑的黑色翅膀。幼鳥整體呈褐色，臉部白。冬季時集結成龐大群體，常與灰椋鳥一起。由MERLIN技術支援,"Mai Po Nature Reserve, Hong Kong",4日 6月 2025年,https://ebird.org/species/rebsta1/HK
燕鷗,Sterna hirundo,開闊海域、海灘和大型湖泊可見的中型燕鷗。成鳥紅色喙黑嘴尖，身體淺灰色而頭頂黑色。一齡鳥只有頸背有部分黑色，外側初級飛羽深色，還有深色肩部。相似於加拿大燕鷗、北極燕鷗和紅燕鷗。可以全灰的翅膀背面與加拿大燕鷗繁殖羽做區分(用最外側飛羽黑色來辨識更準確吧?)；加拿大燕鷗非繁殖羽耳旁有黑色斑。相較於體色較淺的北極燕鷗，嘴喙較長而尾羽較短。相較亮白色的紅燕鷗，尾羽較短而整體顏色較暗。常大群活動，尤其在夏末。發出刺耳的尖叫聲「KEEE-yurrrr」。由MERLIN技術支援,"Mai Po--Tam Kon Chau Road, Hong Kong",4日 6月 2025年,https://ebird.org/species/comter/HK
Pale Blue Flycatcher,Cyornis unicolor,"A rather large flycatcher, usually found sitting still on a branch in the middle levels of dense forests. Male is pale blue overall with a pale gray belly. Immature Verditer Flycatcher can be similar, but is a greener shade of blue, has a pale eyering, and shows pale barring on the vent. Female Pale Blue Flycatcher is gray-brown with a white throat and belly and a slight ruddy tint to the tail; her general lack of warm coloration and size help distinguish her from other female flycatchers.由MERLIN技術支援","Tai Lam Country Park, Hong Kong",4日 6月 2025年,https://ebird.org/species/pabfly2/HK
普通夜鷹,Caprimulgus jotaka,隱秘的夜行性鳥類。主意其銀灰及棕褐的羽色；細緻的花紋較林夜鷹更為獨特。停息於地面及樹枝上。繁殖於茂密樹林間的開闊地區及山脊上。冬季棲息於類似生境但也可出現在林緣及灌木叢等更開闊的地區。鳴唱為一系列“biu，biu”聲，似卡通中激光槍發出的聲音。由MERLIN技術支援,"Wonderland Villas, Hong Kong",3日 6月 2025年,https://ebird.org/species/grynig1/HK
南亞夜鷹,Caprimulgus affinis,保護色非常好的夜行性鳥類，經常棲息於布滿石礫的河床，以及草地、屋頂或路邊等開闊地。有時會成鬆散的小群棲息。在其分布區內，某些地區的南亞夜鷹相當適應都市環境，常可在城鎮發現。羽色為雜亂的灰褐色斑紋，相較於其他夜鷹，身上白色較少；僅雄鳥在翅膀末端有小片白斑。最常因為其獨特的叫聲而被人發現，高亢的「追－追」聲會不斷重複鳴叫。由MERLIN技術支援,Hong Kong,3日 6月 2025年,https://ebird.org/species/savnig1/HK
紅領綠鸚鵡,Psittacula krameri,常在林地、公園、庭園中出現，主要在樹上覓食的鮮豔亮綠色鸚鵡。在洞穴中營巢，包括建築物的孔洞。如果安靜時容易被忽略，因為亮綠色的羽毛容易融入樹葉中。請注意極長的修長尾羽、亮紅色的嘴喙；雄鳥有狹窄的黑色及玫瑰紅色的頸環。與體型較大的亞歷山大鸚鵡非常相似，其兩肩上有酒紅色的斑點。如同其他長尾小鸚鵡一樣，嘈雜且群居，常會形成吵鬧的群體。原產於非洲及南亞，被引進歐洲及日本。由MERLIN技術支援,"Kowloon Park, Hong Kong",2日 6月 2025年,https://ebird.org/species/rorpar/HK
褐林鴞,Strix leptogrammica,外觀莊重的大型褐色貓頭鷹，眼睛深黑色。在其廣闊的分布區內體色多變，但黑色輪廓的淡色臉部、翅膀和腹部的細細條紋、眼睛周圍的黑色斑塊是不變的。翅膀有時有一或兩條長的淡色條紋。沒有斑點林鴞翅膀的白色斑點和頭部的條紋。棲息在低地和山區森林以及林緣。發出短促而大聲的呼呼聲。由MERLIN技術支援,"Tai Po Kau Nature Reserve, Hong Kong",1日 6月 2025年,https://ebird.org/species/brwowl1/HK
栗耳鳳眉,Staphida torqueola,"A medium-sized, crested bird of both hilly and lowland forests. Brownish above and white below, with a white throat and brown cheeks. A gregarious species, frequently seen foraging at lower and middle levels in both single-species and mixed flocks. Chatters loudly when flocking, and also gives a series of sweet-sounding two-note calls. In far southwestern China and northeastern India, it is replaced by the extremely similar Striated Yuhina, which has richer, more extensive rufous on the nape and cheeks.由MERLIN技術支援","Kadoorie Farm and Botanic Garden, Hong Kong",1日 6月 2025年,https://ebird.org/species/indyuh1/HK
短尾賊鷗,Stercorarius parasiticus,纖細的海鷗般的海鳥；三種賊鷗裡算中等大小。北極苔原上繁殖；在海上度過其他時間。難以與其他賊鷗區分。繁殖期成鳥有長而尖的尾巴（不像長尾賊鷗那麼長）。羽色有全暗的黑褐色，也有較淡色型，白色腹部和頸部兩側偏黃。亞成鳥也有不同色型，但通常是暖褐色，翅膀上有肉桂色條紋。翼下覆羽和尾下覆羽的條紋比中賊鷗淡。形狀和飛行風格介於中賊鷗和長尾賊鷗之間。通常在六到八根外側飛羽上有白羽軸，比長尾賊鷗多，但比中賊鷗少。嘴相對長而纖細。所有的賊鷗追逐其他鳥類並偷走他們的食物。由MERLIN技術支援,Hong Kong,1日 6月 2025年,https://ebird.org/species/parjae/HK
鳳頭燕鷗,Thalasseus bergii,一種優雅的大型燕鷗，有非常長的檸檬黃色嘴喙。黑色頭頂不會延伸至喙。幼鳥為鱗片狀花紋，背部和翅膀上有較多黑色。相似的小鳳頭燕鷗體型較小，繁殖羽的黑色頭頂延伸至喙。沿海岸及河口活動；很少深入內陸或淡水池塘／潟湖。由MERLIN技術支援,Hong Kong,1日 6月 2025年,https://ebird.org/species/grcter1/HK
白腹鰹鳥,Sula leucogaster,大型的近岸海鳥，經常見於太平洋的海灘地帶，有時甚至飛進碎浪帶。通常會以小角度俯衝入海，比起藍腳鰹鳥俯衝時更加接近水面。在離島的繁殖場繁殖，築巢於地面。頭、頸及背面純褐色，但北美太平洋岸的亞種其雄成鳥的頭偏白色，頸部也常整個偏白。成鳥有著界線明確的白色腹部，未成鳥則是斑駁程度不一的褐色腹部，看起來不太會呈現整片純褐色。由MERLIN技術支援,Hong Kong,1日 6月 2025年,https://ebird.org/species/brnboo/HK
黑喉噪眉,Pterorhinus chinensis,光滑而有亮澤的灰色噪鶥科鳥種，臉頰有白斑，黑色臉和喉嚨；海南亞種的身體呈褐色，沒有白斑。在地面覓食，常在茂密的灌木叢中翻動葉子和樹枝發出嘈雜的聲音，以趕出無脊椎動物。通常成對或成小群出現。嘈雜且愛出聲；歌聲優美的歌手，鳴唱豐富溫柔婉轉，且常在其中熟練地穿插結合其他物種的聲音。由MERLIN技術支援,N/A,N/A,https://ebird.org/species/bltlau1/HK
白腰鵲鴝,Copsychus malabaricus,一種像鶇的鳥，尾巴長而漸寬。雄鳥背部有光澤，胸腹部則是飽滿的栗紅色。雌鳥外型相似但較灰褐色。幼鳥是紅褐色有銹紅色的翼帶。白腰鵲鴝幼鳥可能被誤認為蚋鶲未熟鳥(只產在夏威夷，一定要跟牠類比嗎？)，但體型更大、尾長，且腳是粉紅色。出現在森林、公園和庭院中。鳴唱聲是各式各樣一連串響亮的口哨聲和笛聲，常混雜模仿其他鳥類；不像大陸畫眉有重複的樂句。鳴叫聲是尖銳的「喳」聲。在臺灣為外來種。由MERLIN技術支援,"Ho Chung Valley, Hong Kong",9日 6月 2025年,https://ebird.org/species/whrsha/HK
大八哥(叢八哥),Acridotheres grandis,"A black myna with a spiffy crest. Not actually significantly larger than other dark crested mynas, but the combination of the bright yellow bill, prominent spiky crest, and white vent serve to distinguish it from other similar mynas. Forages in flocks in open areas such as meadows, agricultural fields, and urban parks and gardens, often with other species of mynas and starlings.由MERLIN技術支援","Mai Po Nature Reserve, Hong Kong",5日 6月 2025年,https://ebird.org/species/whvmyn1/HK
九官鳥,Gracula religiosa,"Glossy black myna with bright yellow head wattles. Also note bright candlewax-orange bill and white wing patches that are most apparent in flight. A species of mature humid forest and forest edge, often seen in pairs or small flocks flying between or perched up in tall trees. Famed for its wide repertoire: gives a myriad of screams, squeaks, chirps, and whistles. Threatened by its popularity in the cage bird trade.由MERLIN技術支援",Hong Kong,8日 6月 2025年,https://ebird.org/species/hilmyn/HK
